<?xml version="1.0" encoding="utf-8"?>
<cwbopendata xmlns="urn:cwb:gov:tw:cwbcommon:0.1">
  <identifier>da5c4d48-c5e6-b34b-b9d8-2ccf9597edf5</identifier>
  <sender>weather@cwb.gov.tw</sender>
  <sent>2020-09-19T07:59:08+08:00</sent>
  <status>Actual</status>
  <msgType>Issue</msgType>
  <scope>Public</scope>
  <dataid>F-C0032-022</dataid>
  <source>Weather Forecast Center</source>
  <dataset>
    <datasetInfo>
      <datasetDescription>WeatherAssistant</datasetDescription>
      <datasetLanguage>zh-TW</datasetLanguage>
      <issueTime>2020-09-19T07:56:52+08:00</issueTime>
    </datasetInfo>
    <location>
      <locationName>桃園市</locationName>
      <stationId>46705</stationId>
      <geocode>68</geocode>
    </location>
    <parameterSet>
      <parameterSetName>天氣小幫手描述</parameterSetName>
      <parameter>
        <parameterValue>鋒面位於臺灣北部海面，多雲短暫陣雨</parameterValue>
      </parameter>
      <parameter>
        <parameterValue>今天(19日)鋒面位於臺灣北部海面，桃園市白天天氣多雲短暫陣雨，平均氣溫約26度至33度，降雨機率30%，有局部短暫陣雨，山區有局部較大雨勢發生的機率，外出請攜帶雨具備用。</parameterValue>
      </parameter>
      <parameter>
        <parameterValue>海上方面預報</parameterValue>
      </parameter>
      <parameter>
        <parameterValue>今天(19日)近海天氣多雲局部陣雨，西南轉東北風，風力4至5級陣風7級。</parameterValue>
      </parameter>
    </parameterSet>
  </dataset>
</cwbopendata>